,temperature,light,airHumidity,humidity
2023-11-08 02:00:00,17.487477241206335,39.6907235872364,67.80422661309964,85.06115119694138
2023-11-08 03:00:00,17.47636037555134,39.68734442616888,67.83593733990908,85.06782211436743
2023-11-08 04:00:00,17.473990307134407,39.683965764204025,67.86820572338962,85.08234396508996
2023-11-08 05:00:00,17.463701188900906,39.6805876013471,67.92240947314967,85.09214260264162
2023-11-08 06:00:00,17.452568999655128,39.67720993746453,67.96476272633457,85.10736775521728
2023-11-08 07:00:00,17.42962524551568,39.674450694182006,68.01869012953499,85.12491417334924
2023-11-08 08:00:00,17.409301322301847,39.673026038898996,68.06063982322817,85.13600162585689
2023-11-08 09:00:00,17.401134627785133,39.671593750859834,68.07354147489778,85.14154846305556
2023-11-08 10:00:00,17.38540444085333,39.66619135733978,68.07702070072554,85.13528722459195
2023-11-08 11:00:00,17.378426149079434,39.6579555939159,68.05133106166323,85.13116211892911
2023-11-08 12:00:00,17.36972269712409,39.655893958117545,68.02033746966255,85.11438143674792
2023-11-08 13:00:00,17.37429386467971,39.66242422489726,67.95241839424342,85.0934162966991
2023-11-08 14:00:00,17.385004109872078,39.67266163014234,67.86797841972002,85.0722132695102
2023-11-08 15:00:00,17.392059077064328,39.66743383550617,67.79453488788683,85.05094017265668
2023-11-08 16:00:00,17.378420739474926,39.652324650736546,67.7336389698492,85.01405039514577
2023-11-08 17:00:00,17.360622970644638,39.642026925416594,67.63581364086923,84.97676116830526
2023-11-08 18:00:00,17.34210355411463,39.661271803453744,67.53925463680537,84.95509087640585
2023-11-08 19:00:00,17.322126741417062,39.68217380720335,67.48231151743428,84.9437453277976
2023-11-08 20:00:00,17.29574630618856,39.68345636169122,67.45296825983972,84.9382064944168
2023-11-08 21:00:00,17.261762709799758,39.680086173803446,67.43937557013128,84.93930449967213
2023-11-08 22:00:00,17.224716480816483,39.676716483950585,67.44524826088147,84.95060249852055
2023-11-08 23:00:00,17.18473642234772,39.673347291787614,67.48166033594563,84.97463713456565
2023-11-09 00:00:00,17.141533002587945,39.669978597344176,67.55559909930275,84.99791054519235
2023-11-09 01:00:00,17.095297810218703,39.666610400468585,67.63075220853806,85.02045939751454
2023-11-09 02:00:00,17.07192980472826,39.663803072304624,67.67329573657535,85.03594796840757
2023-11-09 03:00:00,17.06654700724513,39.65887840128711,67.70500562425144,85.04261841729785
2023-11-09 04:00:00,17.06453254881181,39.65395445769293,67.73727313124411,85.0571391105231
2023-11-09 05:00:00,17.05946873566301,39.649031241444355,67.79147453568041,85.06693700506352
2023-11-09 06:00:00,17.05408038968205,39.64410875241142,67.83382623705434,85.08216093842192
2023-11-09 07:00:00,17.044143757066447,39.63941941318913,67.88775131340947,85.09970593363256
2023-11-09 08:00:00,17.035216087818615,39.63523260016176,67.9296994822885,85.11079253002639
2023-11-09 09:00:00,17.03097004842149,39.63104345547299,67.94260155422845,85.11633899732861
2023-11-09 10:00:00,17.02381157249036,39.625361549721994,67.94608183125233,85.11007842518862
2023-11-09 11:00:00,17.02002339863127,39.61861445019732,67.9203951965611,85.10595379839171
2023-11-09 12:00:00,17.01557101647179,39.61419020245668,67.88940496407857,85.08917470566915
2023-11-09 13:00:00,17.01623054959573,39.61299821903518,67.82149172074661,85.06821152228642
2023-11-09 14:00:00,17.0192542395143,39.613201163380126,67.73705868455983,85.04701047263868
2023-11-09 15:00:00,17.0208704702403,39.60758762546353,67.66362135471304,85.02573935947453
2023-11-09 16:00:00,17.01451822883,39.598257878027894,67.60273079844298,84.98885293609817
2023-11-09 17:00:00,17.00656438858875,39.59073843318732,67.50491330406257,84.95156709844521
2023-11-09 18:00:00,16.998332773122684,39.594331568653544,67.40836204979034,84.92989882508881
2023-11-09 19:00:00,16.989540059985693,39.598548547539494,67.35142402746274,84.91855438897223
2023-11-09 20:00:00,16.978281553536668,39.59538648030778,67.32208401877325,84.91301615851249
2023-11-09 21:00:00,16.96409533475338,39.59047488671008,67.30849352327675,84.91411418427057
2023-11-09 22:00:00,16.94872987291599,39.58556401870094,67.31436710479674,84.92541130851784
2023-11-09 23:00:00,16.932234767585616,39.580653876071075,67.35077802565773,84.94944395225403
2023-11-10 00:00:00,16.914498525679335,39.57574445875213,67.42471312195906,84.9727154373726
2023-11-10 01:00:00,16.89559492426184,39.57083576660759,67.49986248281121,84.9952624277697
2023-11-10 02:00:00,16.885497149199892,39.56613857541471,67.54240444603553,85.01074975631373
2023-11-10 03:00:00,16.882325245312693,39.5606455128489,67.57411349432131,85.01741973669087
2023-11-10 04:00:00,16.88045054047249,39.555153261676054,67.60638012457164,85.03193927250193
2023-11-10 05:00:00,16.877401705543857,39.549661821787495,67.66057918352809,85.04173642407785
2023-11-10 06:00:00,16.87422801645693,39.54417119305492,67.70292933288184,85.05695913830752
2023-11-10 07:00:00,16.86930298771052,39.53876879794402,67.75685208223433,85.07450271070324
2023-11-10 08:00:00,16.864766608247166,39.533555958577324,67.79879872608817,85.0855884510399
2023-11-10 09:00:00,16.862033150528287,39.5283427795741,67.81170121795721,85.09113454845968
2023-11-10 10:00:00,16.858178287188846,39.52256865644595,67.81518254579369,85.08487464256635
2023-11-10 11:00:00,16.855621378730724,39.51639441263656,67.78949891495925,85.08075049457487
2023-11-10 12:00:00,16.852808813619166,39.511094414552225,67.75851204145678,85.063972991153
2023-11-10 13:00:00,16.851964864758486,39.50701072506306,67.69060462950833,85.04301176424616
2023-11-10 14:00:00,16.852031423752653,39.50345225535268,67.60617853088047,85.02181269194756
2023-11-10 15:00:00,16.851556114584568,39.49770653318119,67.53274740229168,85.00054356228023
2023-11-10 16:00:00,16.848012418689002,39.490563547018205,67.47186220711703,84.9636604927256
2023-11-10 17:00:00,16.843852095205154,39.48410201789393,67.37405254649848,84.9263780439443
2023-11-10 18:00:00,16.83958492285901,39.48182086885573,67.27750904118584,84.90471178893532
2023-11-10 19:00:00,16.835101799671286,39.479774906485574,67.22057611524733,84.89336846519429
2023-11-10 20:00:00,16.82966926436127,39.47495395447101,67.19123935493226,84.88783083758422
2023-11-10 21:00:00,16.82310944087975,39.46947547874073,67.17765105318769,84.88892888382478
2023-11-10 22:00:00,16.816095630747594,39.463997812285214,67.18352552510473,84.90022513352915
2023-11-10 23:00:00,16.80864693377921,39.45852095494651,67.21993529152674,84.92425578511279
2023-11-11 00:00:00,16.8007204161431,39.45304490661968,67.29386672070473,84.94752534487371
2023-11-11 01:00:00,16.792344487940337,39.44756966717419,67.36901233311166,84.97007047349062
2023-11-11 02:00:00,16.787359629178624,39.44217451692479,67.4115527313147,84.9855565597762
2023-11-11 03:00:00,16.785041905647635,39.43648054662263,67.44326093995329,84.99222607166284
2023-11-11 04:00:00,16.78322382510771,39.430787417394185,67.47552669320694,85.00674445014283
2023-11-11 05:00:00,16.780953726733628,39.42509512911943,67.52972340652752,85.01654085880098
2023-11-11 06:00:00,16.778635666277978,39.419403681670936,67.57207200365195,85.0317623539904
2023-11-11 07:00:00,16.775643315777153,39.413745957721154,67.62599242584457,85.04930450367759
2023-11-11 08:00:00,16.772800743363725,39.40816006810624,67.66793754446228,85.06038938801372
2023-11-11 09:00:00,16.770652557859744,39.40257458622555,67.68084045591922,85.06593511556503
2023-11-11 10:00:00,16.768072657627076,39.39677864837386,67.68432283418488,85.0596758758414
2023-11-11 11:00:00,16.765992691355418,39.39083274598653,67.65864220669305,85.05555220659488
2023-11-11 12:00:00,16.763814393429136,39.3852162142859,67.62765869163267,85.03877629231573
2023-11-11 13:00:00,16.762394288096186,39.38005771541135,67.55975711036422,85.01781702169464
2023-11-11 14:00:00,16.76132491836815,39.37509730578212,67.47533794851769,84.99661992655318
2023-11-11 15:00:00,16.760047002459448,39.369314726395004,67.40191302045861,84.97535278019012
2023-11-11 16:00:00,16.757587627168213,39.36300712040962,67.34103318570736,84.93847306414443
2023-11-11 17:00:00,16.754890917269627,39.356956369917306,67.24323135801308,84.90119400391895
2023-11-11 18:00:00,16.752153178629634,39.352478546359194,67.14669560082812,84.87952976706177
2023-11-11 19:00:00,16.74933239818428,39.34808971970739,67.08976777062442,84.8681875555802
2023-11-11 20:00:00,16.746146134238828,39.34265765368856,67.06043425815324,84.86265053074843
2023-11-11 21:00:00,16.742525890171816,39.3369788037519,67.0468481497007,84.86374859745119
2023-11-11 22:00:00,16.738730941298975,39.33130079266918,67.05272351164214,84.87504397267094
2023-11-11 23:00:00,16.734768642575144,39.32562362030206,67.08913212338946,84.89907263225838
2023-11-12 00:00:00,16.730622461003918,39.31994728653213,67.16305988537667,84.92234026681214
2023-11-12 01:00:00,16.72630333675057,39.314271791231356,67.23820174927637,84.94488353379377
2023-11-12 02:00:00,16.723290164003018,39.308626954514914,67.28074058224993,84.96036837791144
2023-11-12 03:00:00,16.72130416975616,39.30287025482962,67.31244795098456,84.96703742133023
2023-11-12 04:00:00,16.719510694867424,39.29711440548551,67.34471282698723,84.98155464256223
2023-11-12 05:00:00,16.717543273238824,39.29135940635856,67.39890719451604,84.99135030834933
2023-11-12 06:00:00,16.71555749887429,39.285605257321976,67.4412542392021,85.00657058458702
2023-11-12 07:00:00,16.713312185037076,39.27986432665943,67.4951723340777,85.02411131167206
2023-11-12 08:00:00,16.711124664334516,39.274150949156095,67.53711592724842,85.0351953400643
2023-11-12 09:00:00,16.709204655025548,39.268438258605016,67.5500192579522,85.04074069776112
2023-11-12 10:00:00,16.707118517245885,39.262646941460545,67.55350268626374,85.03448212413028
2023-11-12 11:00:00,16.70522501078428,39.25679975066079,67.52782506160041,85.03035893356821
2023-11-12 12:00:00,16.703293755168726,39.25107698144245,67.4968449044443,85.01358460827386
2023-11-12 13:00:00,16.701654581225725,39.2455270282113,67.42894915315244,84.99262729374836
2023-11-12 14:00:00,16.7001505851767,39.24005211670523,67.34453692730979,84.97143217557206
2023-11-12 15:00:00,16.69856639846485,39.23426849052987,67.27111819905225,84.95016701232076
2023-11-12 16:00:00,16.696527371115046,39.22828791589697,67.21024372405252,84.91329064947126
2023-11-12 17:00:00,16.694397067214066,39.22240448686436,67.11244972844503,84.87601497748574
2023-11-12 18:00:00,16.692251080322716,39.21711322542689,67.01592171855599,84.8543527585848
2023-11-12 19:00:00,16.69007323201431,39.21185597174606,66.95899898343292,84.84301165924663
2023-11-12 20:00:00,16.687754759469847,39.206206850725856,66.92966871827521,84.83747523712177
2023-11-12 21:00:00,16.685269285959432,39.20046543799117,66.91608480265488,84.83857332426646
2023-11-12 22:00:00,16.682716653354998,39.19472487334473,66.9219610542482,84.84986782505986
2023-11-12 23:00:00,16.68009969389429,39.188985156655846,66.95836851108523,84.87389449280744
2023-11-13 00:00:00,16.677412041029363,39.18324628780131,67.03229260581428,84.89716020230452
2023-11-13 01:00:00,16.674657907592813,39.17750826665432,67.10743072114482,84.91970160779577
2023-11-13 02:00:00,16.672406786977508,39.171782309560214,67.14996798868079,84.93518520983606
2023-11-13 03:00:00,16.670551329105535,39.16601480892897,67.18167451725478,84.94185378480964
2023-11-13 04:00:00,16.66877012295266,39.160248160234914,67.2139385157523,84.95636984887672
2023-11-13 05:00:00,16.666922049535472,39.1544823633528,67.26813053733349,84.96616477183949
2023-11-13 06:00:00,16.665067025068073,39.14871741815635,67.31047602937221,84.98138382921397
2023-11-13 07:00:00,16.663112173213904,39.14295797672586,67.36439179677372,84.99892313380323
2023-11-13 08:00:00,16.661179692579402,39.13720943081398,67.40633386428671,85.01000630630824
2023-11-13 09:00:00,16.659350341577234,39.131461674989936,67.41923761389634,85.01555129416458
2023-11-13 10:00:00,16.657457133912295,39.12568487648176,67.42272209187054,85.00929338654959
2023-11-13 11:00:00,16.655638220993335,39.119887593413964,67.39704746952175,85.00517067461149
2023-11-13 12:00:00,16.6538048877663,39.11413764126813,67.36607066973215,84.98839793814403
2023-11-13 13:00:00,16.652084145658897,39.10845322285228,67.29818074771363,84.96744257952399
2023-11-13 14:00:00,16.650415574063487,39.102797561651286,67.21377545709753,84.9462494381209
2023-11-13 15:00:00,16.648716238722763,39.09702631292561,67.14036292791351,84.92498625778887
2023-11-13 16:00:00,16.646841869201317,39.09118151591179,67.0794938119935,84.88811324782283
2023-11-13 17:00:00,16.644932466949683,39.08537378994443,66.98170764763549,84.85084096376146
2023-11-13 18:00:00,16.64301714156639,39.079789330623115,66.88518738421071,84.82918076262119
2023-11-13 19:00:00,16.64108966304141,39.07421819376455,66.82826974351424,84.81784077531036
2023-11-13 20:00:00,16.63910814891489,39.068500192262086,66.79894272513968,84.81230495582108
2023-11-13 21:00:00,16.637062442008485,39.062748007265995,66.78536100189186,84.81340306338745
2023-11-13 22:00:00,16.634990989473998,39.0569966719467,66.79123814276463,84.82469668981277
2023-11-13 23:00:00,16.63289488193876,39.051246186176655,66.82764444445583,84.84872136587681
2023-11-14 00:00:00,16.630771667756548,39.04549654983115,66.90156487185945,84.87198515046768
2023-11-14 01:00:00,16.62862296919494,39.03974776278412,66.976699238559,84.89452469461345
2023-11-14 02:00:00,16.626668087077444,39.0340040438304,67.01923494044934,84.91000705466689
2023-11-14 03:00:00,16.624865682963353,39.02824522913797,67.05094062860611,84.9166751612179
2023-11-14 04:00:00,16.623091987702402,39.02248726509991,67.08320374934442,84.93119006820314
2023-11-14 05:00:00,16.621292659104764,39.01673015159079,67.13739342482224,84.94098424838829
2023-11-14 06:00:00,16.61949076972749,39.010973888484806,67.17973736400475,84.95620208698803
2023-11-14 07:00:00,16.617650554686335,39.00522022551933,67.23365080377519,84.97373996918786
2023-11-14 08:00:00,16.615819070277,38.99947119064929,67.27559134541978,84.98482228586226
2023-11-14 09:00:00,16.61402741498208,38.99372298277835,67.2884955135944,84.9903669038921
2023-11-14 10:00:00,16.61221128561283,38.987964380643625,67.29198104084816,84.98410966221604
2023-11-14 11:00:00,16.610423881579045,38.982198603187044,67.26630942030006,84.97998742884145
2023-11-14 12:00:00,16.608631040425482,38.976451158186,67.23533597733935,84.963216281043
2023-11-14 13:00:00,16.60688167177178,38.9707288922968,67.16745188389099,84.94226287813832
2023-11-14 14:00:00,16.605152508804032,38.9650179724636,67.08305352772423,84.92107171331651
2023-11-14 15:00:00,16.603411615139464,38.959264105330476,67.00964719688584,84.89981051571127
2023-11-14 16:00:00,16.601603435025357,38.953483103296726,66.9487834393739,84.86294085831598
2023-11-14 17:00:00,16.599781880286645,38.947716574217196,66.85100510542816,84.82567196186301
2023-11-14 18:00:00,16.59795816045155,38.94203455291374,66.75449258763614,84.8040137782879
2023-11-14 19:00:00,16.59612987645197,38.93635807170683,66.69758004071234,84.79267490288834
2023-11-14 20:00:00,16.594280900154374,38.93062687835325,66.66825626859074,84.78713968596327
2023-11-14 21:00:00,16.59240732021448,38.924883356231376,66.65467673725584,84.78823781393106
2023-11-14 22:00:00,16.590523941870778,38.91914068250567,66.66055476703572,84.79953056604656
2023-11-14 23:00:00,16.58863118509032,38.91339885705006,66.69695991334567,84.82355325058339
2023-11-15 00:00:00,16.586728105779464,38.90765787973953,66.77087667335664,84.8468151104185
2023-11-15 01:00:00,16.58481532862959,38.90191775044858,66.84600729136342,84.86935279336366
2023-11-15 02:00:00,16.582977302112756,38.89618005594047,66.8885414274002,84.88483391152079
2023-11-15 03:00:00,16.58119810758665,38.890437211790555,66.92024627488327,84.89150154967186
2023-11-15 04:00:00,16.579430083944985,38.88469521593602,66.95250851760836,84.90601529965835
2023-11-15 05:00:00,16.577652305054414,38.878954068251645,67.00669584682716,84.91580873711261
2023-11-15 06:00:00,16.575873655695858,38.87321376861208,67.0490382329447,84.93102535702612
2023-11-15 07:00:00,16.574080363495256,38.867474975078835,67.10294934492717,84.9485618169429
2023-11-15 08:00:00,16.572290548905087,38.861738450361095,67.14488836049279,84.95964327784334
2023-11-15 09:00:00,16.570516187334185,38.856002764651045,67.1577929468916,84.96518752606065
2023-11-15 10:00:00,16.568732516862163,38.85026369714783,67.16127952304191,84.95893095024663
2023-11-15 11:00:00,16.566960023535326,38.84452245853397,67.13561090378077,84.95480919537509
2023-11-15 12:00:00,16.56518555204389,38.838788643129256,67.10464081711143,84.93803963608775
2023-11-15 13:00:00,16.563427936519354,38.833064826130816,67.03676255153023,84.91708818870833
2023-11-15 14:00:00,16.561678217351627,38.82734580434805,66.95237112903574,84.89589900027588
2023-11-15 15:00:00,16.559924096448164,38.821611156007975,66.87897099581518,84.87463978520496
2023-11-15 16:00:00,16.558144180356162,38.815866828648026,66.8181125960398,84.83777348006775
2023-11-15 17:00:00,16.556359229459158,38.81012847240953,66.72034209166928,84.80050797090743
2023-11-15 18:00:00,16.55457356031627,38.80442242984438,66.62383731867864,84.77885180470194
2023-11-15 19:00:00,16.552786249080697,38.79871899827402,66.5669298648737,84.76751404109761
2023-11-15 20:00:00,16.550991085109406,38.79299551457248,66.53760933847497,84.76197942666542
2023-11-15 21:00:00,16.549186562207428,38.78726792058359,66.52403199859351,84.76307757501438
2023-11-15 22:00:00,16.54737838157202,38.7815411726377,66.52991091690829,84.77436945287833
2023-11-15 23:00:00,16.54556670491203,38.775815270609556,66.56631490760165,84.79839014604426
2023-11-16 00:00:00,16.543751168663036,38.77009021437431,66.64022800015285,84.82165008127406
2023-11-16 01:00:00,16.54193201336925,38.76436600380694,66.71535486940519,84.84418590316348
2023-11-16 02:00:00,16.540141758483465,38.758643235668714,66.75788743938057,84.8596657795148
2023-11-16 03:00:00,16.538374274033647,38.75291905710539,66.78959144593352,84.86633294928859
2023-11-16 04:00:00,16.536611206641894,38.74719572408031,66.82185281039152,84.8808455423594
2023-11-16 05:00:00,16.53484449804872,38.74147323646863,66.87603779319569,84.89063823712948
2023-11-16 06:00:00,16.533077569598262,38.73575159414543,66.91837862603956,84.90585363844522
2023-11-16 07:00:00,16.531305117804678,38.7300310445537,66.97228741007726,84.9233886761853
2023-11-16 08:00:00,16.5295341204897,38.724311874498234,67.01422489935341,84.93446928136841
2023-11-16 09:00:00,16.527769189138205,38.71859354609887,67.02712990363575,84.94001315978717
2023-11-16 10:00:00,16.526000788403678,38.71287447168204,67.0306175282997,84.93375724975829
2023-11-16 11:00:00,16.524236807052063,38.70715510655151,67.00495190981185,84.92963597332935
2023-11-16 12:00:00,16.522472179216976,38.70143905940032,66.97398517889647,84.91286800239529
2023-11-16 13:00:00,16.520714157544084,38.695727298775594,66.90611274047953,84.89191851035106
2023-11-16 14:00:00,16.518959291849406,38.69001786749146,66.82172825088035,84.87073129811606
2023-11-16 15:00:00,16.517202846364267,38.68430308410277,66.74833431454998,84.84947406538703
2023-11-16 16:00:00,16.515436582873555,38.678585185615844,66.68748127183973,84.81261111219526
2023-11-16 17:00:00,16.51366849578515,38.672870058537306,66.58971859620752,84.77534899001188
2023-11-16 18:00:00,16.511900247309786,38.667167611176154,66.49322156718699,84.75369484098053
2023-11-16 19:00:00,16.510131481679736,38.66146667120298,66.43631920584724,84.7423581890554
2023-11-16 20:00:00,16.508359807284815,38.655758714118754,66.40700192464139,84.73682417704475
2023-11-16 21:00:00,16.50658464410634,38.650049736149995,66.39342677575401,84.73792234575463
2023-11-16 22:00:00,16.50480818755228,38.64434160147426,66.39930658223156,84.74921334942529
2023-11-16 23:00:00,16.503030499881298,38.638634309966875,66.43570941707307,84.77323205137658
2023-11-17 00:00:00,16.50125144107953,38.63292786150333,66.50961884209745,84.7964900621515
2023-11-17 01:00:00,16.499471103763604,38.627222255959076,66.58474196253377,84.81902402313004
2023-11-17 02:00:00,16.497702010530414,38.62151771772008,66.62727296623999,84.83450265776608
2023-11-17 03:00:00,16.495941800834615,38.615813173647155,66.65897613160652,84.84116935918522
2023-11-17 04:00:00,16.49418340713486,38.61010947221221,66.69123661754361,84.8556807954234
2023-11-17 05:00:00,16.49242372633979,38.6044066132908,66.74541925377767,84.86547274755603
2023-11-17 06:00:00,16.490664075930262,38.59870459675845,66.78775853313927,84.88068693036249
2023-11-17 07:00:00,16.488902413624707,38.593003515609965,66.84166498907547,84.8982205460322
2023-11-17 08:00:00,16.487141426434377,38.58730347764554,66.88360095185176,84.90930029555463
2023-11-17 09:00:00,16.485382890140205,38.58160428047155,66.89650637367704,84.91484380418886
2023-11-17 10:00:00,16.48362313285333,38.575905326829094,66.89999504647183,84.90858855986825
2023-11-17 11:00:00,16.48186519237192,38.57020678789698,66.87433242824376,84.90446776182148
2023-11-17 12:00:00,16.480107117917044,38.56451002095777,66.84336905254504,84.88770137908283
2023-11-17 13:00:00,16.478351702329316,38.55881539023967,66.77550244058958,84.86675384218375
2023-11-17 14:00:00,16.476597616997694,38.55312215949691,66.69112488310891,84.84556860595431
2023-11-17 15:00:00,16.474843038257468,38.547427439382716,66.6177371429412,84.82431335537477
2023-11-17 16:00:00,16.473084793719877,38.54173207123874,66.55688945662479,84.78745375381583
2023-11-17 17:00:00,16.471325961863748,38.536038269115686,66.45913460889409,84.7501950182937
2023-11-17 18:00:00,16.46956718276188,38.530349759809624,66.36264532301257,84.728542886241
2023-11-17 19:00:00,16.467808319402792,38.524662340926014,66.30574805348445,84.71720734587907
2023-11-17 20:00:00,16.466048450811638,38.5189728060151,66.27643401694162,84.71167393621866
2023-11-17 21:00:00,16.464287353622254,38.513283410397264,66.26286105858902,84.71277212526921
2023-11-17 22:00:00,16.462525873231336,38.50759485517983,66.26874175285731,84.72406225480483
2023-11-17 23:00:00,16.460764033601237,38.501907140238615,66.30514343161182,84.7480789656978
2023-11-18 00:00:00,16.459001780803103,38.49622026544951,66.3790491890424,84.77133505216828
2023-11-18 01:00:00,16.457239150489556,38.4905342306884,66.45416856060116,84.79386715238077
2023-11-18 02:00:00,16.45548096485701,38.484849120277715,66.49669799783055,84.80934454539204
2023-11-18 03:00:00,16.4537263148931,38.479164530493755,66.52840032175446,84.81601077847917
2023-11-18 04:00:00,16.451972479012795,38.473480780400266,66.56065992891693,84.83052105796779
2023-11-18 05:00:00,16.450218262263693,38.46779786987322,66.61484021842548,84.84031226750967
2023-11-18 06:00:00,16.448464171969835,38.4621157987886,66.6571779440963,84.85552523189533
2023-11-18 07:00:00,16.44670942167605,38.45643460204792,66.71108207177438,84.87305742560103
2023-11-18 08:00:00,16.444955046085916,38.450754320121554,66.7530165078405,84.8841363195194
2023-11-18 09:00:00,16.44320172900592,38.44507487680476,66.76592234686825,84.8896794583831
2023-11-18 10:00:00,16.44144805645081,38.439396047369705,66.76941206741118,84.88342487969388
2023-11-18 11:00:00,16.439695198205385,38.433717896125785,66.74375244892947,84.87930455996882
2023-11-18 12:00:00,16.43794240305037,38.42804093351893,66.71279242791023,84.86253976526775
2023-11-18 13:00:00,16.43619074644218,38.42236529647141,66.64493164171358,84.84159418332379
2023-11-18 14:00:00,16.434439716746297,38.41669070797745,66.56056101557473,84.82041092290805
2023-11-18 15:00:00,16.432688611692676,38.41101608117213,66.48717947084228,84.79915765428558
2023-11-18 16:00:00,16.430936209643846,38.405341732437364,66.42633714024855,84.7623014040469
2023-11-18 17:00:00,16.429183696049947,38.399668494480636,66.32859011958269,84.72504605487036
2023-11-18 18:00:00,16.427431317378357,38.39399776900769,66.2321085760092,84.70339593960087
2023-11-18 19:00:00,16.4256790208564,38.38832797526887,66.17521639763926,84.69206151068613
2023-11-18 20:00:00,16.423926451822346,38.38265790712539,66.1459056052297,84.68652870330462
2023-11-18 21:00:00,16.42217352425002,38.376988412807805,66.13233483695272,84.6876269126756
2023-11-18 22:00:00,16.42042056367304,38.37131975595091,66.13821641863981,84.69891616813446
2023-11-18 23:00:00,16.418667579306636,38.365651936430964,66.17461694107227,84.72293088812536
2023-11-19 00:00:00,16.41691455037164,38.359984954124315,66.24851903084219,84.74618505044181
2023-11-19 01:00:00,16.41516149058498,38.35431880890727,66.32363465346195,84.7687152900331
2023-11-19 02:00:00,16.413410256868552,38.34865353241958,66.36616252400695,84.78419144151009
2023-11-19 03:00:00,16.411660499167162,38.34298897272919,66.3978640062321,84.79085720628787
2023-11-19 04:00:00,16.409911169439106,38.33732524977056,66.43012273436634,84.80536632910997
2023-11-19 05:00:00,16.408161807519242,38.331662363420094,66.48430067699407,84.81515679610783
2023-11-19 06:00:00,16.406412608755993,38.32600031355421,66.52663684876569,84.83036854216115
2023-11-19 07:00:00,16.404663270288562,38.320339113223724,66.58053864802909,84.84789931400917
2023-11-19 08:00:00,16.402914190548984,38.31467877757409,66.6224715571748,84.85897735238011
2023-11-19 09:00:00,16.401165632845647,38.30901927786504,66.63537781306464,84.86452012148726
2023-11-19 10:00:00,16.39941705266812,38.30336052949143,66.6388685809731,84.85826620835256
2023-11-19 11:00:00,16.397668900465597,38.29770255656548,66.61321196172445,84.8541463668888
2023-11-19 12:00:00,16.39592088694594,38.2920455510075,66.58225529484761,84.83738316006752
2023-11-19 13:00:00,16.394173426234318,38.28638956424205,66.51440033370726,84.81643953288867
2023-11-19 14:00:00,16.392426321298036,38.280734492000406,66.43003663813367,84.7952582480948
2023-11-19 15:00:00,16.390679301694355,38.275079925396525,66.35666128810918,84.77400696123702
2023-11-19 16:00:00,16.388931896982246,38.26942598335628,66.29582431256706,84.73715406200604
2023-11-19 17:00:00,16.387184563643324,38.263772979014256,66.19808511812951,84.69990209885948
2023-11-19 18:00:00,16.385437396575202,38.2581214395259,66.10161131603319,84.67825400017776
2023-11-19 19:00:00,16.383690375443965,38.252470770237295,66.0447242281681,84.66692068259424
2023-11-19 20:00:00,16.38194336366409,38.24682051739924,66.01541667936218,84.66138847742033
2023-11-19 21:00:00,16.380196328096382,38.24117099998519,66.00184810070176,84.66248670709152
2023-11-19 22:00:00,16.378449394085337,38.23552231708094,66.00773056943582,84.67377508853185
2023-11-19 23:00:00,16.376702565167374,38.229874468563246,66.04412993531125,84.69778781777696
2023-11-20 00:00:00,16.374955833328666,38.224227454308846,66.1180283573537,84.72104005608976
2023-11-20 01:00:00,16.37320920383916,38.21858127419451,66.19314023097311,84.74356843520468
2023-11-20 02:00:00,16.371463391751202,38.21293594004439,66.23566653462623,84.7590433452379
2023-11-20 03:00:00,16.36971826225317,38.20729139463464,66.2673671748966,84.76570864172896
2023-11-20 04:00:00,16.3679734117524,38.20164768300027,66.29962502374909,84.78021660796762
2023-11-20 05:00:00,16.36622866303607,38.19600480501813,66.35380061934077,84.79000633246815
2023-11-20 06:00:00,16.36448409131689,38.190362760565066,66.39613523700487,84.8052168602776
2023-11-20 07:00:00,16.362739579956887,38.18472155447331,66.45003470769714,84.82274621037425
2023-11-20 08:00:00,16.360995282372322,38.17908119236299,66.49196608971234,84.83382339325439
2023-11-20 09:00:00,16.359251299945974,38.17344166334723,66.50487276212397,84.839365792619
2023-11-20 10:00:00,16.357507422985293,38.16780293552635,66.50836457701547,84.83311254496198
2023-11-20 11:00:00,16.35576382493734,38.16216501789323,66.4827109564867,84.82899318169909
2023-11-20 12:00:00,16.35402039438918,38.156527982559446,66.45175764321532,84.81223156259979
2023-11-20 13:00:00,16.352277290800203,38.15089184879106,66.38390850642882,84.79128988999605
2023-11-20 14:00:00,16.350534438284782,38.14525657729226,66.29955174064406,84.77011058063223
2023-11-20 15:00:00,16.348791732688518,38.139622014189655,66.2261825846004,84.7488612753468
2023-11-20 16:00:00,16.34704899284156,38.13398820413902,66.16535096343897,84.71201172681101
2023-11-20 17:00:00,16.345306394513948,38.12835526484508,66.06761959439334,84.67476314937885
2023-11-20 18:00:00,16.34356397423676,38.12272339451353,65.97115353294346,84.6531170670895
2023-11-20 19:00:00,16.341821724167634,38.11709236939701,65.91427153493002,84.64178486072122
2023-11-20 20:00:00,16.340079591697997,38.11146201874753,65.8849672291982,84.63625325768362
2023-11-20 21:00:00,16.338337564054434,38.10583246246606,65.8714008396954,84.63735150763479
2023-11-20 22:00:00,16.336595689492523,38.10020373774588,65.8772841951047,84.64863901511487
2023-11-20 23:00:00,16.334853969361923,38.094575844464146,65.91368240418822,84.67264975377041
2023-11-21 00:00:00,16.33311240056452,38.08894878249805,65.98757715843647,84.69590006822997
2023-11-21 01:00:00,16.33137098511752,38.083322551724805,66.06268528299425,84.71842658701334
2023-11-21 02:00:00,16.32962999836154,38.077697156515455,66.1052100195481,84.73390025569329
2023-11-21 03:00:00,16.3278893883711,38.07207257526963,66.13690981760776,84.74056508392027
2023-11-21 04:00:00,16.32614899971837,38.06644882485021,66.16916678692505,84.75507189365854
2023-11-21 05:00:00,16.324408764149993,38.06082590513448,66.22334003532553,84.76486087570848
2023-11-21 06:00:00,16.322668710616785,38.055203815999725,66.26567309867387,84.7800701853625
2023-11-21 07:00:00,16.320928794191587,38.04958255918714,66.31957024063864,84.7975981138141
2023-11-21 08:00:00,16.31918907393989,38.043962136734294,66.36150009531329,84.80867444126008
2023-11-21 09:00:00,16.317449588890085,38.0383425444699,66.37440718390654,84.81421647089616
2023-11-21 10:00:00,16.315710258281523,38.03272377031897,66.37790004539869,84.80796388863996
2023-11-21 11:00:00,16.31397114889316,38.02710581758773,66.35224942307669,84.80384500351754
2023-11-21 12:00:00,16.312232217809907,38.021488713323635,66.32129946287392,84.78708497198247
2023-11-21 13:00:00,16.310493526424345,38.01587246469704,66.25345614973904,84.76614525376388
2023-11-21 14:00:00,16.30875504550227,38.01025705685106,66.1691063129668,84.74496791963833
2023-11-21 15:00:00,16.307016734923714,38.004642431832075,66.09574335017692,84.72372059573289
2023-11-21 16:00:00,16.305278524911564,37.99902860636045,66.03491708272539,84.68687439757981
2023-11-21 17:00:00,16.30354048313932,37.993415624632924,65.9371935382354,84.64962920554647
2023-11-21 18:00:00,16.301802623662265,37.98780356112559,65.84073521660139,84.62798513945408
2023-11-21 19:00:00,16.30006494344834,37.98219233160272,65.78385830778652,84.61665404418508
2023-11-21 20:00:00,16.298327422226883,37.976581871763585,65.75455724459937,84.61112304321252
2023-11-21 21:00:00,16.29659005506698,37.97097222663106,65.74099304379536,84.61222131342343
2023-11-21 22:00:00,16.294852860538793,37.965363410118684,65.74687728550829,84.6235079470015
2023-11-21 23:00:00,16.293115839149934,37.959755422104045,65.7832743375651,84.64751669522374
2023-11-22 00:00:00,16.291378989695268,37.95414826246477,65.85716542395251,84.67076508598046
2023-11-22 01:00:00,16.289642312939463,37.94854193107851,65.93226979938747,84.69328974457709
